{"cameraMode":{"drawMode":0,"name":"Shaded","section":"Shading Mode"},"sceneLighting":false,"audioPlay":false,"sceneViewState":{"showFog":true,"showMaterialUpdate":false,"showSkybox":false,"showFlares":true,"showImageEffects":true,"showParticleSystems":true},"in2DMode":false,"pivot":{"x":557.4559936523438,"y":192.2188720703125,"z":-439.2107238769531},"rotation":{"x":0.025070056319236757,"y":-0.9749295711517334,"z":0.1566442996263504,"w":0.1560336947441101},"size":1758.913818359375,"orthographic":false}